{"parameters": [-0.0927363242273348, -0.36832470457088334, -0.4954124514245749, -0.8742793385379994, -2.2740899068266778], "covariance": [[0.001033554439362351, 0.006536394417861963, 0.013165476511830046, 0.009217464633361776, 0.0014279771930062392], [0.006536394417861868, 0.04236966216243853, 0.08818030090771196, 0.06426242414433765, 0.01048546651326191], [0.013165476511829538, 0.08818030090770997, 0.19163377198859158, 0.1474131159255351, 0.025963057885106906], [0.009217464633361061, 0.06426242414433397, 0.14741311592553047, 0.12214404359510894, 0.024468023006773733], [0.0014279771930060159, 0.010485466513260608, 0.025963057885104668, 0.02446802300677264, 0.00669849531380272]], "energies": [121.7817, 244.6975, 344.27850000000007, 411.11629999999997, 443.965, 778.904, 867.373, 964.0790000000001, 1112.069, 1408.006, 80.8983, 276.398, 302.853, 356.017, 383.85099999999994, 661.657, 59.5412], "efficiencies": [0.3748979226550329, 0.34483217082268314, 0.2757573153039948, 0.24365672308128009, 0.26250044360582425, 0.16155952254921804, 0.14602200221281122, 0.1413472238873089, 0.12774960640652872, 0.10568434558172608, 0.21498350738934055, 0.275519636171581, 0.26694925025707983, 0.2403247388460866, 0.2264166816901145, 0.1619293420148831, 0.11287647883247541], "uncertainties": [0.0713530860855094, 0.06574133106692669, 0.05246775327423453, 0.047173315847899744, 0.05041549940344195, 0.030762411319997907, 0.028204547931458032, 0.026875486666741288, 0.024355256510899342, 0.02007264270466944, 0.03821878803803564, 0.049178630184402404, 0.04748366252076466, 0.04270194045110374, 0.04034481417526931, 0.02928169364992661, 0.020635369955174544]}